{"cameraMode":{"drawMode":0,"name":"Shaded","section":"Shading Mode"},"sceneLighting":true,"audioPlay":false,"sceneViewState":{"showFog":true,"showMaterialUpdate":false,"showSkybox":true,"showFlares":true,"showImageEffects":true,"showParticleSystems":true},"in2DMode":false,"pivot":{"x":19.273624420166017,"y":8.769147872924805,"z":-4.190706253051758},"rotation":{"x":-0.08113691210746765,"y":-0.045736245810985568,"z":0.0037269142922014,"w":-0.9956461191177368},"size":24.34853744506836,"orthographic":false}