{"cameraMode":{"drawMode":0,"name":"Shaded","section":"Shading Mode"},"sceneLighting":false,"audioPlay":false,"sceneViewState":{"showFog":true,"showMaterialUpdate":false,"showSkybox":false,"showFlares":true,"showImageEffects":true,"showParticleSystems":true},"in2DMode":false,"pivot":{"x":28.670000076293947,"y":1.007607340812683,"z":0.0},"rotation":{"x":-0.11699195951223374,"y":-0.029198499396443368,"z":0.003440701402723789,"w":-0.9926975965499878},"size":4.693867206573486,"orthographic":false}